{"cameraMode":{"drawMode":0,"name":"Shaded","section":"Shading Mode"},"sceneLighting":true,"audioPlay":false,"sceneViewState":{"m_AlwaysRefresh":false,"showFog":true,"showSkybox":true,"showFlares":true,"showImageEffects":true,"showParticleSystems":true,"showVisualEffectGraphs":true,"m_FxEnabled":true},"in2DMode":false,"pivot":{"x":2.0777997970581056,"y":-1.2398545742034913,"z":-2.0925350189208986},"rotation":{"x":-0.35270389914512637,"y":-0.2649126946926117,"z":0.10482759028673172,"w":-0.8913005590438843},"size":13.211134910583496,"orthographic":false}