{"cameraMode":{"drawMode":0,"name":"Shaded","section":"Shading Mode"},"sceneLighting":true,"audioPlay":false,"sceneViewState":{"m_AlwaysRefresh":false,"showFog":true,"showSkybox":true,"showFlares":true,"showImageEffects":true,"showParticleSystems":true,"showVisualEffectGraphs":true,"m_FxEnabled":true},"in2DMode":false,"pivot":{"x":-1.1991620063781739,"y":-12.902268409729004,"z":3.718891143798828},"rotation":{"x":-0.4066044092178345,"y":0.01698838360607624,"z":-0.007563411723822355,"w":-0.9134193062782288},"size":16.570531845092775,"orthographic":false}